Iteration,Timestamp,L1_hard_deadline_miss_rate,L1_soft_deadline_miss_rate,L1_average_tardiness,L1_max_tardiness,L1_average_response_time,L1_max_response_time,L1_completion_time_jitter,L1_sporadic_value_rate,L1_post_acceptance_violation_rate,L1_generator_cost,L1_market_revenue,L1_objective_value,L2_hard_deadline_miss_rate,L2_soft_deadline_miss_rate,L2_average_tardiness,L2_max_tardiness,L2_average_response_time,L2_max_response_time,L2_completion_time_jitter,L2_sporadic_value_rate,L2_post_acceptance_violation_rate,L2_generator_cost,L2_market_revenue,L2_objective_value
1,N/A,0.0147,0.0,0.0,0,3.7722,14,4.7,1.0,0.0,298200.0,337673.26,-39473.26,0.0147,0.0,0.0,0,3.7089,14,4.7,1.0,0.0,313971.6,353688.4,-39716.8
2,N/A,0.0152,0.0,0.0,0,3.2078,14,4.3,1.0,0.0,305700.0,322329.2,-16629.2,0.0152,0.0,0.0,0,3.3636,14,4.1,1.0,0.0,309310.0,326340.2,-17030.2
3,N/A,0.0,0.0,0.0,0,3.1628,7,3.2222,1.0,0.0,300627.6,315315.4,-14687.8,0.0,0.0,0.0,0,3.1395,7,3.2222,1.0,0.0,310260.0,326160.6,-15900.6
4,N/A,0.0408,0.0,0.0,0,3.3833,14,4.6667,1.0,0.0,301140.0,363704.2,-62564.2,0.0408,0.0,0.0,0,3.15,14,5.8333,1.0,0.0,304772.4,367581.66,-62809.26
5,N/A,0.0196,0.0,0.0,0,3.6613,12,6.2857,1.0,0.0,300854.4,365178.56,-64324.16,0.0196,0.0,0.0,0,3.6774,12,6.2857,1.0,0.0,302829.2,366645.86,-63816.66
6,N/A,0.0189,0.0,0.0,0,3.4062,11,4.5,1.0,0.0,291952.8,341729.42,-49776.62,0.0189,0.0,0.0,0,2.9688,11,4.75,1.0,0.0,304582.8,355091.8,-50509.0
7,N/A,0.0225,0.0,0.0,0,2.81,8,4.5,1.0,0.0,301034.4,331156.6,-30122.2,0.0225,0.0,0.0,0,2.89,9,4.7,1.0,0.0,324311.4,355357.46,-31046.06
8,N/A,0.0299,0.0,0.0,0,3.2051,10,5.7,1.0,0.0,301140.0,346773.4,-45633.4,0.0299,0.0,0.0,0,3.2821,10,5.2,1.0,0.0,312669.6,359395.74,-46726.14
9,N/A,0.0,0.0,0.0,0,2.5818,16,5.5,1.0,0.0,282900.0,378574.6,-95674.6,0.0,0.0,0.0,0,2.7636,16,5.6667,1.0,0.0,293077.2,386853.1,-93775.9
10,N/A,0.0175,0.0,0.0,0,3.6176,20,5.9,1.0,0.0,296580.0,357839.2,-61259.2,0.0175,0.0,0.0,0,3.5441,20,4.9,1.0,0.0,295613.2,356476.4,-60863.2
11,N/A,0.0,0.0,0.0,0,3.6308,10,3.5714,1.0,0.0,296580.0,324379.6,-27799.6,0.0,0.0,0.0,0,3.3692,10,4.1429,1.0,0.0,305330.4,334499.4,-29169.0
12,N/A,0.0,0.0,0.0,0,4.72,16,6.8889,1.0,0.0,305649.6,380161.2,-74511.6,0.0,0.0,0.0,0,4.48,16,7.1111,1.0,0.0,314010.0,389133.8,-75123.8
13,N/A,0.0,0.0,0.0,0,3.0652,7,3.1667,1.0,0.0,317460.0,390207.6,-72747.6,0.0,0.0,0.0,0,2.8696,7,3.1667,1.0,0.0,299691.6,374047.2,-74355.6
14,N/A,0.0233,0.0,0.0,0,3.56,12,4.5714,1.0,0.0,287460.0,366901.0,-79441.0,0.0233,0.0,0.0,0,3.46,12,4.2857,1.0,0.0,287460.0,367510.8,-80050.8
15,N/A,0.0164,0.0,0.0,0,3.7941,15,5.6,1.0,0.0,292020.0,342462.0,-50442.0,0.0164,0.0,0.0,0,4.3088,15,6.0,1.0,0.0,296580.0,348551.6,-51971.6
16,N/A,0.0159,0.0,0.0,0,3.3714,12,4.5,1.0,0.0,305179.2,333305.89,-28126.69,0.0159,0.0,0.0,0,3.6,12,4.6,1.0,0.0,309428.16,337840.4,-28412.24
17,N/A,0.0,0.0,0.0,0,3.6867,17,5.0,1.0,0.0,305532.0,317580.2,-12048.2,0.0,0.0,0.0,0,3.8193,17,5.0,1.0,0.0,305700.0,318025.33,-12325.33
18,N/A,0.0652,0.0,0.0,0,3.6981,12,5.2857,1.0,0.0,294900.0,365840.8,-70940.8,0.0652,0.0,0.0,0,3.9245,12,5.2857,1.0,0.0,296344.8,368450.0,-72105.2
19,N/A,0.0208,0.0,0.0,0,3.5455,17,7.25,1.0,0.0,295152.0,352339.6,-57187.6,0.0208,0.0,0.0,0,3.8909,17,6.75,1.0,0.0,296580.0,355664.4,-59084.4
20,N/A,0.0,0.0,0.0,0,3.6667,12,3.875,1.0,0.0,290860.8,349205.2,-58344.4,0.0,0.0,0.0,0,3.7292,12,3.75,1.0,0.0,300249.6,361707.93,-61458.33
21,N/A,0.0345,0.0,0.0,0,3.1714,11,6.0,1.0,0.0,311310.0,377116.2,-65806.2,0.0345,0.0,0.0,0,3.2857,11,5.5,1.0,0.0,302071.2,367159.6,-65088.4
22,N/A,0.037,0.0,0.0,0,3.2879,12,4.7778,0.5,0.0,322830.0,398735.2,-75905.2,0.0357,0.0,0.0,0,3.4118,12,4.8889,1.0,0.0,304890.0,375922.2,-71032.2
23,N/A,0.0263,0.0,0.0,0,2.88,11,3.5,0.7,0.0,287460.0,371367.2,-83907.2,0.0256,0.0,0.0,0,2.8039,11,3.8333,1.0,0.0,298490.4,380344.4,-81854.0
24,N/A,0.0,0.0,0.0,0,3.1867,13,4.0,0.7,0.0,292020.0,372943.86,-80923.86,0.0,0.0,0.0,0,3.0395,13,4.2222,1.0,0.0,311300.4,389566.4,-78266.0
25,N/A,0.0,0.0,0.0,0,2.98,10,5.1667,0.7,0.0,287258.4,368799.4,-81541.0,0.0,0.0,0.0,0,3.098,12,5.8333,1.0,0.0,292020.0,372369.4,-80349.4
26,N/A,0.0213,0.0,0.0,0,3.8475,18,7.25,1.0,0.0,304890.0,395098.13,-90208.13,0.0213,0.0,0.0,0,3.8814,18,7.5,1.0,0.0,309490.56,398080.22,-88589.66
27,N/A,0.0,0.0,0.0,0,2.4921,9,4.2857,0.5,0.0,290340.0,363272.4,-72932.4,0.0,0.0,0.0,0,2.8923,9,4.2857,1.0,0.0,293010.0,359333.6,-66323.6
28,N/A,0.0185,0.0,0.0,0,2.8939,10,4.375,0.8,0.0,300031.2,365240.8,-65209.6,0.0182,0.0,0.0,0,2.9851,10,4.25,1.0,0.0,299670.0,363372.0,-63702.0
29,N/A,0.0,0.0,0.0,0,2.6667,7,2.3333,0.7,0.0,291028.8,356978.36,-65949.56,0.0,0.0,0.0,0,2.7308,7,2.0,1.0,0.0,299574.0,363641.4,-64067.4
30,N/A,0.0,0.0,0.0,0,3.12,12,5.1,0.7,0.0,296580.0,348004.8,-51424.8,0.0,0.0,0.0,0,3.6579,14,5.4,1.0,0.0,300938.4,350614.2,-49675.8
31,N/A,0.0417,0.0,0.0,0,3.0333,13,5.625,1.0,0.0,295970.4,388954.4,-92984.0,0.0417,0.0,0.0,0,2.8167,13,5.875,1.0,0.0,306722.8,401940.0,-95217.2
32,N/A,0.0222,0.0,0.0,0,3.193,15,4.6667,1.0,0.0,295770.0,376688.0,-80918.0,0.0222,0.0,0.0,0,3.193,15,4.8889,1.0,0.0,301315.2,380891.7,-79576.5
33,N/A,0.0172,0.0,0.0,0,3.7857,17,6.2,1.0,0.0,296580.0,374985.0,-78405.0,0.0172,0.0,0.0,0,3.8,17,5.8,1.0,0.0,307530.0,386075.14,-78545.14
34,N/A,0.0,0.0,0.0,0,2.6154,10,4.1667,1.0,0.0,305788.0,405367.66,-99579.66,0.0,0.0,0.0,0,2.25,10,4.1667,1.0,0.0,308445.22,411179.2,-102733.98
35,N/A,0.0,0.0,0.0,0,3.5536,15,5.4286,1.0,0.0,292020.0,364627.74,-72607.74,0.0,0.0,0.0,0,3.5536,15,5.4286,1.0,0.0,292020.0,364627.74,-72607.74
36,N/A,0.0253,0.0,0.0,0,3.1099,11,5.3,0.8333,0.0,302625.6,335807.81,-33182.21,0.025,0.0,0.0,0,2.8478,10,5.6,1.0,0.0,310050.0,344892.6,-34842.6
37,N/A,0.02,0.0,0.0,0,2.7903,12,5.0,1.0,0.0,295370.4,363893.14,-68522.74,0.02,0.0,0.0,0,2.7903,12,5.0,1.0,0.0,295370.4,363893.14,-68522.74
38,N/A,0.0,0.0,0.0,0,2.5323,10,4.25,1.0,0.0,295773.6,383868.02,-88094.42,0.0,0.0,0.0,0,2.5484,10,4.25,1.0,0.0,300148.8,389534.4,-89385.6
39,N/A,0.0217,0.0,0.0,0,3.5172,13,5.6667,0.8333,0.0,296520.0,394389.6,-97869.6,0.0213,0.0,0.0,0,3.3898,13,6.4444,1.0,0.0,301140.0,401088.4,-99948.4
40,N/A,0.0455,0.0,0.0,0,3.75,13,5.1111,0.8333,0.0,305700.0,377333.4,-71633.4,0.0444,0.0,0.0,0,3.8596,19,6.3333,1.0,0.0,305700.0,376569.4,-70869.4
41,N/A,0.0196,0.0,0.0,0,2.9677,16,6.3333,1.0,0.0,281925.6,370496.63,-88571.03,0.0196,0.0,0.0,0,3.0,17,6.1111,1.0,0.0,287460.0,378309.0,-90849.0
42,N/A,0.0244,0.0,0.0,0,2.9038,11,5.2857,1.0,0.0,294157.2,382890.83,-88733.63,0.0244,0.0,0.0,0,3.0385,11,5.2857,1.0,0.0,291062.4,380692.4,-89630.0
43,N/A,0.0192,0.0,0.0,0,3.4603,11,4.3,0.75,0.0,292020.0,358516.4,-66496.4,0.0189,0.0,0.0,0,3.3281,11,4.4,1.0,0.0,300938.4,367724.2,-66785.8
44,N/A,0.0,0.0909,0.7419,46,4.0806,47,4.8571,1.0,0.0,287157.6,352012.24,-54854.64,0.0,0.0,0.0,0,3.1613,13,4.8571,1.0,0.0,326200.0,392587.8,-66387.8
45,N/A,0.0294,0.0,0.0,0,3.2911,13,5.1,1.0,0.0,328983.6,347502.83,-18519.23,0.0294,0.0,0.0,0,3.7342,20,6.2,1.0,0.0,326649.6,348782.0,-22132.4
46,N/A,0.0244,0.0909,0.4615,24,4.1154,26,5.3333,1.0,0.0,292020.0,351422.46,-49402.46,0.0244,0.0,0.0,0,3.6538,13,5.1667,1.0,0.0,304507.2,364339.0,-59831.8
47,N/A,0.0455,0.1818,0.8961,45,3.8701,46,4.7,1.0,0.0,305666.4,343089.46,-17423.06,0.0455,0.0,0.0,0,2.8571,11,4.9,1.0,0.0,319623.6,357689.0,-38065.4
48,N/A,0.0,0.0,0.0,0,3.5283,16,4.8571,0.75,0.0,296580.0,358941.4,-62361.4,0.0,0.0,0.0,0,3.4444,15,4.8571,1.0,0.0,312495.2,374494.56,-61999.36
49,N/A,0.0364,0.0,0.0,0,3.3636,14,4.6667,0.75,0.0,301140.0,340223.26,-39083.26,0.0357,0.0,0.0,0,3.4179,14,5.2222,1.0,0.0,314248.8,353418.63,-39169.83
50,N/A,0.0189,0.0,0.0,0,3.5469,10,4.5,1.0,0.0,305532.0,361909.26,-56377.26,0.0189,0.0,0.0,0,3.5938,10,4.25,1.0,0.0,324045.6,383675.0,-59629.4
51,N/A,0.0317,0.0,0.0,0,3.5211,12,4.3333,1.0,0.0,296101.2,346416.6,-50315.4,0.0317,0.0,0.0,0,3.493,12,4.6667,1.0,0.0,304364.4,356565.8,-52201.4
52,N/A,0.0,0.0,0.0,0,2.8909,11,4.4286,1.0,0.0,287426.4,364721.2,-77294.8,0.0,0.0,0.0,0,2.8727,11,4.4286,1.0,0.0,296173.5,373470.56,-77297.06
53,N/A,0.0,0.0,0.0,0,3.9483,18,5.5,1.0,0.0,300330.0,369210.6,-68880.6,0.0,0.0,0.0,0,3.8103,18,4.875,1.0,0.0,299249.2,369243.2,-69994.0
54,N/A,0.0,0.0,0.0,0,3.1,11,3.5714,1.0,0.0,324960.0,408293.8,-83333.8,0.0,0.0,0.0,0,2.94,11,3.8571,1.0,0.0,291600.0,376400.4,-84800.4
55,N/A,0.0364,0.0,0.0,0,4.4921,21,7.6,0.8333,0.0,305523.6,382295.6,-76772.0,0.0357,0.0,0.0,0,4.8125,20,7.4,1.0,0.0,301114.8,377441.06,-76326.26
56,N/A,0.0435,0.0,0.0,0,3.5185,13,5.4286,1.0,0.0,299448.24,376345.68,-76897.44,0.0435,0.0,0.0,0,3.4815,12,4.8571,1.0,0.0,303494.8,382169.2,-78674.4
57,N/A,0.0,0.0,0.0,0,3.9412,14,5.3,1.0,0.0,295770.0,357539.2,-61769.2,0.0,0.0,0.0,0,3.8088,14,5.1,1.0,0.0,297997.6,359795.6,-61798.0
58,N/A,0.0185,0.0,0.0,0,3.6774,9,4.5556,1.0,0.0,301131.6,363275.0,-62143.4,0.0185,0.0,0.0,0,3.9677,9,4.8889,1.0,0.0,307987.6,369760.0,-61772.4
59,N/A,0.0,0.0,0.0,0,4.6364,19,6.875,1.0,0.0,300669.6,350699.0,-50029.4,0.0,0.0,0.0,0,4.5091,19,7.125,1.0,0.0,308010.0,359062.2,-51052.2
60,N/A,0.0185,0.0,0.0,0,3.129,10,3.625,0.8333,0.0,305700.0,347378.4,-41678.4,0.0182,0.0,0.0,0,3.2222,10,3.125,1.0,0.0,321021.6,362034.23,-41012.63
61,N/A,0.0385,0.0909,0.3968,25,3.5556,28,4.0,1.0,0.0,300686.4,369546.4,-58860.0,0.0385,0.0,0.0,0,3.0952,10,4.125,1.0,0.0,321354.8,390266.48,-68911.68
62,N/A,0.0244,0.0,0.0,0,2.8654,14,5.0,1.0,0.0,298340.4,375627.06,-77286.66,0.0244,0.0,0.0,0,3.0,14,5.1667,1.0,0.0,297364.8,374250.0,-76885.2
63,N/A,0.0189,0.0909,0.4062,26,3.7344,29,3.75,1.0,0.0,294784.5,352961.94,-48177.44,0.0189,0.0,0.0,0,3.2969,10,3.75,1.0,0.0,303420.0,360437.46,-57017.46
64,N/A,0.0,0.0,0.0,0,3.0,8,3.8571,1.0,0.0,306280.8,384842.66,-78561.86,0.0,0.0,0.0,0,2.8909,8,4.0,1.0,0.0,302895.0,383617.05,-80722.05
65,N/A,0.0156,0.0,0.0,0,3.4933,10,3.8889,1.0,0.0,305700.0,348638.06,-42938.06,0.0156,0.0,0.0,0,3.3867,8,3.5556,1.0,0.0,317760.0,361046.2,-43286.2
66,N/A,0.0189,0.0,0.0,0,3.5156,18,5.75,1.0,0.0,296462.4,339255.8,-42793.4,0.0189,0.0,0.0,0,3.4844,18,5.875,1.0,0.0,305204.4,350429.26,-45224.86
67,N/A,0.0,0.0,0.0,0,3.0333,10,3.8571,1.0,0.0,290340.0,362768.36,-72428.36,0.0,0.0,0.0,0,2.8833,10,4.1429,1.0,0.0,304860.0,380153.03,-75293.03
68,N/A,0.0,0.0909,0.3562,26,3.9178,29,6.4,1.0,0.0,296580.0,359215.4,-52635.4,0.0,0.0,0.0,0,3.4795,17,6.8,1.0,0.0,311632.8,373222.43,-61589.63
69,N/A,0.0,0.0,0.0,0,2.7255,9,3.8333,1.0,0.0,295467.6,361018.74,-65551.14,0.0,0.0,0.0,0,2.7451,9,3.8333,1.0,0.0,299451.6,366911.2,-67459.6
70,N/A,0.0,0.0,0.0,0,2.807,13,4.1429,1.0,0.0,311580.0,367284.66,-55704.66,0.0,0.0,0.0,0,2.7018,13,4.0,1.0,0.0,310260.0,369317.2,-59057.2
71,N/A,0.0392,0.0,0.0,0,3.5593,10,4.7,1.0,0.0,292020.0,362387.8,-70367.8,0.0392,0.0,0.0,0,3.322,10,4.5,1.0,0.0,309450.0,383880.8,-74430.8
72,N/A,0.0164,0.0,0.0,0,3.7246,15,6.1,1.0,0.0,287460.0,384130.8,-96670.8,0.0164,0.0,0.0,0,3.8116,15,6.1,1.0,0.0,292020.0,388687.36,-96667.36
73,N/A,0.0444,0.0,0.0,0,3.5094,12,4.875,1.0,0.0,299485.2,353551.4,-54066.2,0.0444,0.0,0.0,0,3.717,12,4.75,1.0,0.0,339811.44,395853.44,-56042.0
74,N/A,0.0167,0.125,0.7206,49,4.0441,54,4.4,1.0,0.0,299774.16,379029.82,-69255.66,0.0167,0.0,0.0,0,3.2794,13,4.2,1.0,0.0,300330.0,378657.0,-78327.0
75,N/A,0.0339,0.0,0.0,0,3.8806,11,5.4444,1.0,0.0,305700.0,364978.4,-59278.4,0.0339,0.0,0.0,0,3.791,12,6.2222,1.0,0.0,312653.4,371913.6,-59260.2
76,N/A,0.0263,0.0,0.0,0,3.587,21,5.8333,1.0,0.0,281220.0,383860.46,-102640.46,0.0263,0.0,0.0,0,3.4783,21,6.3333,1.0,0.0,289760.82,393610.4,-103849.58
77,N/A,0.0,0.0,0.0,0,4.3077,15,5.8889,1.0,0.0,300250.02,349835.03,-49585.01,0.0,0.0,0.0,0,4.4,15,6.0,1.0,0.0,313312.8,366929.43,-53616.63
78,N/A,0.0227,0.0,0.0,0,2.9808,10,3.7143,1.0,0.0,282900.0,380842.6,-97942.6,0.0227,0.0,0.0,0,2.9615,10,4.0,1.0,0.0,293362.8,390604.8,-97242.0
79,N/A,0.0417,0.0,0.0,0,3.125,11,5.125,1.0,0.0,292020.0,374549.83,-82529.83,0.0417,0.0,0.0,0,3.2857,13,5.875,1.0,0.0,320611.2,403715.4,-83104.2
80,N/A,0.0208,0.0,0.0,0,3.1071,19,6.125,1.0,0.0,296092.8,376331.43,-80238.63,0.0208,0.0,0.0,0,3.0714,17,5.5,1.0,0.0,294774.0,374845.06,-80071.06
81,N/A,0.0455,0.0,0.0,0,4.0,12,6.375,1.0,0.0,295252.8,368775.82,-73523.02,0.0455,0.0,0.0,0,4.2963,12,5.75,1.0,0.0,296944.2,371895.71,-74951.51
82,N/A,0.0,0.0,0.0,0,3.9474,13,4.8889,1.0,0.0,287460.0,340811.08,-53351.08,0.0,0.0,0.0,0,3.8246,13,4.6667,1.0,0.0,300644.4,358064.63,-57420.23
83,N/A,0.0317,0.0,0.0,0,3.9041,17,6.4,1.0,0.0,305700.0,355583.6,-49883.6,0.0317,0.0,0.0,0,3.6712,14,6.1,1.0,0.0,320757.0,372900.12,-52143.12
84,N/A,0.0,0.0,0.0,0,3.2414,16,5.375,1.0,0.0,283710.0,332602.4,-48892.4,0.0,0.0,0.0,0,3.5862,16,6.0,1.0,0.0,294711.6,344241.93,-49530.33
85,N/A,0.0,0.0,0.0,0,3.25,9,4.2857,1.0,0.0,336490.8,335515.1,975.7,0.0,0.0,0.0,0,3.4444,9,4.2857,1.0,0.0,338054.82,342352.8,-4297.98
86,N/A,0.0,0.0,0.0,0,3.0,20,4.0,1.0,0.0,301140.0,344774.14,-43634.14,0.0,0.0,0.0,0,3.0702,20,4.25,1.0,0.0,312806.0,359862.12,-47056.12
87,N/A,0.0612,0.0,0.0,0,2.8644,10,4.5556,1.0,0.0,285780.0,360976.46,-75196.46,0.0612,0.0,0.0,0,3.4237,15,6.0,1.0,0.0,293799.6,368943.96,-75144.36
88,N/A,0.0,0.0,0.0,0,3.4203,10,3.8889,1.0,0.0,312976.56,350759.08,-37782.52,0.0,0.0,0.0,0,3.4493,10,3.5556,1.0,0.0,308781.6,346962.2,-38180.6
89,N/A,0.0192,0.0,0.0,0,3.5,12,5.1111,1.0,0.0,292008.24,364409.14,-72400.9,0.0192,0.0,0.0,0,3.129,13,5.0,1.0,0.0,305490.0,380325.4,-74835.4
90,N/A,0.0217,0.0,0.0,0,4.0536,16,6.5714,1.0,0.0,299989.2,350385.94,-50396.74,0.0217,0.0,0.0,0,4.3036,17,6.7143,1.0,0.0,309450.0,363679.23,-54229.23
91,N/A,0.0159,0.0,0.0,0,3.4079,11,5.4,0.8,0.0,301123.2,354635.4,-53512.2,0.0156,0.0,0.0,0,3.1818,11,5.7,1.0,0.0,323412.24,377915.63,-54503.39
92,N/A,0.0317,0.0,0.0,0,3.9868,14,7.0,0.9333,0.0,316567.2,336009.49,-19442.29,0.0312,0.0,0.0,0,4.3506,17,7.3,1.0,0.0,320682.0,340104.08,-19422.08
93,N/A,0.0204,0.0769,0.7419,46,4.0,49,6.0,1.0,0.0,287460.0,352621.66,-55161.66,0.0204,0.0,0.0,0,3.1452,16,6.0,1.0,0.0,311209.2,376674.2,-65465.0
94,N/A,0.0,0.0,0.0,0,2.9286,11,4.5,1.0,0.0,306150.0,393322.4,-87172.4,0.0,0.0,0.0,0,3.3929,15,4.6667,1.0,0.0,309957.6,397120.0,-87162.4
95,N/A,0.0149,0.0,0.0,0,3.5125,9,3.7778,1.0,0.0,301039.2,316280.4,-15241.2,0.0149,0.0,0.0,0,3.4625,9,3.5556,1.0,0.0,309450.0,326811.86,-17361.86
96,N/A,0.0196,0.0,0.0,0,2.8906,9,4.0,1.0,0.0,315178.8,385043.9,-69865.1,0.0196,0.0,0.0,0,2.8438,10,4.1429,1.0,0.0,309450.0,381184.6,-71734.6
97,N/A,0.0,0.0,0.0,0,2.807,7,2.0,0.9333,0.0,282900.0,341051.86,-58151.86,0.0,0.0,0.0,0,2.7759,6,1.6667,1.0,0.0,296822.4,353585.94,-56763.54
98,N/A,0.0189,0.0,0.0,0,3.2727,14,4.1429,1.0,0.0,296580.0,328987.11,-32407.11,0.0189,0.0,0.0,0,3.2424,14,3.8571,1.0,0.0,316516.0,352368.26,-35852.26
99,N/A,0.0152,0.0,0.0,0,3.6203,17,6.1111,1.0,0.0,296580.0,340142.2,-43562.2,0.0152,0.0,0.0,0,3.8734,18,5.3333,1.0,0.0,304080.0,349890.6,-45810.6
100,N/A,0.0455,0.0,0.0,0,3.0526,16,5.5,0.9333,0.0,305397.6,365821.22,-60423.62,0.0444,0.0,0.0,0,3.2586,16,5.3333,1.0,0.0,315950.4,374448.84,-58498.44
101,N/A,0.0154,0.0,0.0,0,3.4872,14,6.4,1.0,0.0,317133.6,346929.5,-29795.9,0.0154,0.0,0.0,0,3.7564,14,6.6,1.0,0.0,311200.8,342345.63,-31144.83
102,N/A,0.0,0.0,0.0,0,4.029,15,5.3,1.0,0.0,300375.6,364447.86,-64072.26,0.0,0.0,0.0,0,3.942,15,5.6,1.0,0.0,305700.0,370892.06,-65192.06
103,N/A,0.0,0.0,0.0,0,3.2424,13,4.4444,1.0,0.0,296580.0,354085.06,-57505.06,0.0,0.0,0.0,0,3.4242,13,4.8889,1.0,0.0,303603.4,361980.66,-58377.26
104,N/A,0.0444,0.0,0.0,0,2.9138,11,4.6667,1.0,0.0,292020.0,380851.2,-88831.2,0.0444,0.0,0.0,0,2.8621,11,4.8333,1.0,0.0,295702.8,386326.23,-90623.43
105,N/A,0.0377,0.0,0.0,0,3.1515,11,5.0,1.0,0.0,297356.4,362106.0,-64749.6,0.0377,0.0,0.0,0,3.4394,14,5.4,1.0,0.0,304890.0,370450.36,-65560.36
106,N/A,0.0,0.0,0.0,0,3.1094,15,4.2,1.0,0.0,301140.0,364145.94,-63005.94,0.0,0.0,0.0,0,3.375,16,4.2,1.0,0.0,313388.4,378450.2,-65061.8
107,N/A,0.025,0.0,0.0,0,3.4528,12,5.0,1.0,0.0,287460.0,358570.6,-71110.6,0.025,0.0,0.0,0,3.6792,18,5.6667,1.0,0.0,304453.2,378552.2,-74099.0
108,N/A,0.0217,0.0769,0.3898,23,3.678,27,5.6667,1.0,0.0,303952.8,377652.2,-63699.4,0.0217,0.0,0.0,0,3.5085,13,5.8889,1.0,0.0,300930.0,373983.94,-73053.94
109,N/A,0.0196,0.0769,0.3594,23,3.9375,23,6.125,1.0,0.0,296462.4,379491.2,-73028.8,0.0196,0.0,0.0,0,3.6875,15,5.75,1.0,0.0,304515.6,386437.2,-81921.6
110,N/A,0.0,0.0,0.0,0,3.1852,20,6.0,1.0,0.0,307455.6,381960.66,-74505.06,0.0,0.0,0.0,0,3.5,20,6.4286,1.0,0.0,301878.0,377027.63,-75149.63
111,N/A,0.029,0.0,0.0,0,3.1125,11,5.3,1.0,0.0,300249.6,351792.06,-51542.46,0.029,0.0,0.0,0,3.0625,12,5.4,1.0,0.0,315368.0,366283.06,-50915.06
112,N/A,0.0164,0.0,0.0,0,2.8889,8,3.5,1.0,0.0,296580.0,348531.4,-51951.4,0.0164,0.0,0.0,0,3.2361,9,4.3,1.0,0.0,320946.0,373162.6,-52216.6
113,N/A,0.0222,0.0,0.0,0,3.1964,11,4.875,1.0,0.0,287460.0,361312.74,-73852.74,0.0222,0.0,0.0,0,3.4464,11,5.0,1.0,0.0,306178.8,381188.55,-75009.75
114,N/A,0.0,0.0,0.0,0,2.7895,7,2.7143,1.0,0.0,301551.6,365346.6,-63795.0,0.0,0.0,0.0,0,2.7193,7,2.5714,1.0,0.0,299796.0,367282.2,-67486.2
115,N/A,0.0,0.0909,0.7273,48,3.5,49,4.1111,1.0,0.0,292020.0,344947.41,-42927.41,0.0,0.0,0.0,0,2.9545,10,4.5556,1.0,0.0,309378.42,363974.8,-54596.38
116,N/A,0.0286,0.0,0.0,0,3.0494,11,4.0,1.0,0.0,319321.2,346406.99,-27085.79,0.0286,0.0,0.0,0,3.1111,12,4.3,1.0,0.0,334169.58,366970.73,-32801.15
117,N/A,0.0169,0.0,0.0,0,3.4857,14,5.1,1.0,0.0,296580.0,366893.2,-70313.2,0.0169,0.0,0.0,0,3.4857,14,5.6,1.0,0.0,320960.0,391654.16,-70694.16
118,N/A,0.0,0.0,0.0,0,2.5882,7,3.0,1.0,0.0,287460.0,362550.14,-75090.14,0.0,0.0,0.0,0,2.549,7,3.1667,1.0,0.0,300871.2,378797.37,-77926.17
119,N/A,0.0217,0.0,0.0,0,3.5263,11,4.5714,1.0,0.0,325770.0,393646.06,-67876.06,0.0217,0.0,0.0,0,3.193,11,4.4286,1.0,0.0,299972.4,370527.6,-70555.2
120,N/A,0.0,0.0909,0.8814,52,4.1186,55,4.4286,1.0,0.0,279150.0,349293.6,-60143.6,0.0,0.0,0.0,0,3.0678,12,4.4286,1.0,0.0,290373.6,360318.43,-69944.83
121,N/A,0.0,0.0,0.0,0,2.9104,12,4.4444,1.0,0.0,301140.0,370092.26,-68952.26,0.0,0.0,0.0,0,2.8358,12,5.3333,1.0,0.0,304890.0,374209.66,-69319.66
122,N/A,0.0,0.0,0.0,0,3.2581,14,5.875,1.0,0.0,292020.0,347728.14,-55708.14,0.0,0.0,0.0,0,3.6452,17,5.875,1.0,0.0,303615.2,361955.4,-58340.2
123,N/A,0.0,0.0,0.0,0,3.3455,10,5.0,1.0,0.0,292020.0,377839.14,-85819.14,0.0,0.0,0.0,0,3.1818,10,5.0,1.0,0.0,303664.44,392451.79,-88787.35
124,N/A,0.0,0.0,0.0,0,2.9344,8,3.4,1.0,0.0,296042.4,387587.54,-91545.14,0.0,0.0,0.0,0,3.0984,11,4.6,1.0,0.0,304680.0,398036.55,-93356.55
125,N/A,0.0577,0.0,0.0,0,4.0,15,6.3,1.0,0.0,300333.6,385953.6,-85620.0,0.0577,0.0,0.0,0,4.0635,14,7.4,1.0,0.0,304218.0,390666.8,-86448.8
126,N/A,0.0,0.0,0.0,0,3.3091,13,5.0,1.0,0.0,291818.4,376983.07,-85164.67,0.0,0.0,0.0,0,3.5636,13,4.7143,1.0,0.0,300263.64,386475.15,-86211.51
127,N/A,0.0377,0.0,0.0,0,2.8594,12,4.2,1.0,0.0,287460.0,343669.4,-56209.4,0.0377,0.0,0.0,0,3.0,11,4.2,1.0,0.0,301140.0,361201.8,-60061.8
128,N/A,0.0172,0.0,0.0,0,3.0,10,5.25,1.0,0.0,311580.0,374721.8,-63141.8,0.0172,0.0,0.0,0,3.1449,10,5.25,1.0,0.0,300930.0,366749.56,-65819.56
129,N/A,0.0227,0.0,0.0,0,3.0545,16,5.5714,1.0,0.0,299980.8,392922.26,-92941.46,0.0227,0.0,0.0,0,3.1273,17,5.7143,1.0,0.0,301881.4,393794.93,-91913.53
130,N/A,0.0227,0.0,0.0,0,3.7455,13,5.0,1.0,0.0,308169.6,393653.4,-85483.8,0.0227,0.0,0.0,0,3.5818,10,4.7778,1.0,0.0,298633.44,383658.77,-85025.33
131,N/A,0.0,0.0,0.0,0,3.3519,12,4.5714,1.0,0.0,292020.0,344689.06,-52669.06,0.0,0.0,0.0,0,3.3148,12,4.8571,1.0,0.0,300330.0,354109.6,-53779.6
132,N/A,0.02,0.0,0.0,0,3.1311,13,4.75,1.0,0.0,295630.0,355988.6,-60358.6,0.02,0.0,0.0,0,3.0492,13,5.0,1.0,0.0,300148.8,361844.66,-61695.86
133,N/A,0.0,0.0,0.0,0,4.2029,19,6.0,1.0,0.0,314601.6,324314.88,-9713.28,0.0,0.0,0.0,0,4.2319,18,5.8889,1.0,0.0,338457.6,348362.68,-9905.08
134,N/A,0.0263,0.0,0.0,0,3.2857,13,5.3333,1.0,0.0,290995.2,370990.06,-79994.86,0.0263,0.0,0.0,0,3.1429,13,5.0,1.0,0.0,295454.4,375864.26,-80409.86
135,N/A,0.0299,0.0,0.0,0,3.4744,12,5.2222,1.0,0.0,305700.0,323898.2,-18198.2,0.0299,0.0,0.0,0,3.1923,13,5.1111,1.0,0.0,313741.2,332069.4,-18328.2
136,N/A,0.0,0.0,0.0,0,2.6863,12,3.3333,1.0,0.0,273780.0,354477.0,-80697.0,0.0,0.0,0.0,0,2.5686,12,3.3333,1.0,0.0,276962.4,357733.4,-80771.0
137,N/A,0.0588,0.0,0.0,0,3.5161,16,5.6667,1.0,0.0,303936.0,377053.8,-73117.8,0.0588,0.0,0.0,0,3.6129,16,5.7778,1.0,0.0,304080.0,378737.8,-74657.8
138,N/A,0.0,0.0,0.0,0,2.8163,7,2.8333,1.0,0.0,278340.0,333144.2,-54804.2,0.0,0.0,0.0,0,2.8163,7,2.8333,1.0,0.0,287460.0,342420.0,-54960.0
139,N/A,0.0,0.0,0.0,0,3.5741,15,5.75,1.0,0.0,292020.0,352756.6,-60736.6,0.0,0.0,0.0,0,3.7593,15,4.625,1.0,0.0,297314.4,356506.0,-59191.6
140,N/A,0.0,0.0,0.0,0,3.9054,13,6.5,1.0,0.0,314080.38,368305.48,-54225.1,0.0,0.0,0.0,0,3.8243,13,6.4,1.0,0.0,322032.4,377299.2,-55266.8
141,N/A,0.0,0.0,0.0,0,2.7667,7,2.1667,1.0,0.0,301140.0,340589.84,-39449.84,0.0,0.0,0.0,0,2.75,6,2.0,1.0,0.0,301140.0,340574.4,-39434.4
142,N/A,0.0,0.0,0.0,0,3.1667,8,3.1429,1.0,0.0,299322.0,380463.2,-81141.2,0.0,0.0,0.0,0,3.037,8,3.1429,1.0,0.0,300375.6,382996.0,-82620.4
143,N/A,0.0,0.0,0.0,0,3.0196,16,4.5,1.0,0.0,287460.0,386292.69,-98832.69,0.0,0.0,0.0,0,2.9412,16,4.25,1.0,0.0,296580.0,397368.77,-100788.77
144,N/A,0.0435,0.0,0.0,0,3.7143,9,4.8,1.0,0.0,290944.8,369401.6,-78456.8,0.0435,0.0,0.0,0,3.6607,9,5.0,1.0,0.0,295420.0,375183.0,-79763.0
145,N/A,0.0417,0.0,0.0,0,2.7069,13,5.0,1.0,0.0,282328.8,381471.16,-99142.36,0.0417,0.0,0.0,0,2.931,13,5.3333,1.0,0.0,284620.0,383120.4,-98500.4
146,N/A,0.0385,0.0,0.0,0,2.7903,10,4.5,1.0,0.0,290894.4,377872.96,-86978.56,0.0385,0.0,0.0,0,2.7419,10,4.25,1.0,0.0,294605.76,382013.72,-87407.96
147,N/A,0.0204,0.0,0.0,0,3.4237,12,5.4444,1.0,0.0,296109.6,394141.0,-98031.4,0.0204,0.0,0.0,0,3.1695,10,5.0,1.0,0.0,303912.0,403009.28,-99097.28
148,N/A,0.0256,0.0,0.0,0,2.7143,10,4.3333,1.0,0.0,326008.8,407376.96,-81368.16,0.0256,0.0,0.0,0,3.1224,11,4.0,1.0,0.0,291210.0,372794.8,-81584.8
149,N/A,0.05,0.0,0.0,0,3.62,15,6.3333,1.0,0.0,312595.2,390948.0,-78352.8,0.05,0.0,0.0,0,3.48,14,6.1667,1.0,0.0,300590.64,380632.08,-80041.44
150,N/A,0.025,0.0,0.0,0,2.8,7,3.3333,1.0,0.0,296546.4,404972.4,-108426.0,0.025,0.0,0.0,0,2.68,9,3.6667,1.0,0.0,302330.0,410828.0,-108498.0
151,N/A,0.0,0.0909,0.4,26,4.1077,26,4.9,1.0,0.0,291205.2,373588.4,-72383.2,0.0,0.0,0.0,0,3.4923,11,5.0,1.0,0.0,310082.4,392059.8,-81977.4
152,N/A,0.0,0.0,0.0,0,3.1928,15,5.6,1.0,0.0,301140.0,331988.46,-30848.46,0.0,0.0,0.0,0,3.0723,15,5.3,1.0,0.0,305644.56,338918.82,-33274.26
153,N/A,0.0,0.0,0.0,0,3.9242,17,5.2222,1.0,0.0,308576.4,332534.38,-23957.98,0.0,0.0,0.0,0,4.3636,17,5.1111,1.0,0.0,326342.4,352817.6,-26475.2
154,N/A,0.05,0.1818,1.0392,27,4.7647,27,6.1429,0.8125,0.0,287460.0,344752.4,-37292.4,0.0488,0.0,0.0,0,3.4808,14,6.5714,1.0,0.0,294572.4,350268.8,-55696.4
155,N/A,0.0,0.1818,0.7794,28,3.5441,28,3.4286,0.8125,0.0,299758.8,345929.34,-26170.54,0.0,0.0,0.0,0,2.942,9,3.4286,1.0,0.0,305666.4,349688.6,-44022.2
156,N/A,0.0,0.1818,1.0192,28,4.9231,28,4.375,0.8125,0.0,292020.0,365377.26,-53357.26,0.0,0.0,0.0,0,3.9811,10,4.25,1.0,0.0,293850.0,365010.4,-71160.4
157,N/A,0.0179,0.1818,0.791,27,4.0448,27,4.5714,0.8125,0.0,313677.6,319241.06,14436.54,0.0175,0.0,0.0,0,3.6324,14,4.5714,1.0,0.0,321543.6,326923.8,-5380.2
158,N/A,0.0357,0.0909,0.3731,25,3.6716,25,5.7778,1.0,0.0,300619.2,368273.46,-57654.26,0.0357,0.0,0.0,0,3.597,17,5.3333,1.0,0.0,314038.38,382571.4,-68533.02
159,N/A,0.0,0.0,0.0,0,3.4706,13,2.6667,1.0,0.0,290734.8,351472.6,-60737.8,0.0,0.0,0.0,0,3.6078,13,2.6667,1.0,0.0,299210.0,360780.2,-61570.2
160,N/A,0.0471,0.0909,0.25,24,3.3438,24,5.9,1.0,0.0,342076.8,364670.88,-12594.08,0.0471,0.0,0.0,0,2.9583,12,5.9,1.0,0.0,315651.6,341061.34,-25409.74
161,N/A,0.0196,0.0,0.0,0,3.0492,9,3.8571,1.0,0.0,287460.0,357033.8,-69573.8,0.0196,0.0,0.0,0,2.9508,11,3.7143,1.0,0.0,300535.2,372098.0,-71562.8
162,N/A,0.0282,0.0,0.0,0,3.3333,11,5.4,1.0,0.0,314568.0,359297.43,-44729.43,0.0282,0.0,0.0,0,3.5679,11,4.7,1.0,0.0,324801.6,371802.0,-47000.4
163,N/A,0.0351,0.1,0.3284,22,3.9403,22,4.9,1.0,0.0,310260.0,362116.4,-41856.4,0.0351,0.0,0.0,0,3.6269,13,5.3,1.0,0.0,313560.0,365051.0,-51491.0
164,N/A,0.0,0.0,0.0,0,4.4194,19,7.1,1.0,0.0,292020.0,353947.03,-61927.03,0.0,0.0,0.0,0,4.5323,19,7.3,1.0,0.0,304608.0,369360.8,-64752.8
165,N/A,0.0408,0.1,0.4068,24,3.8475,27,5.625,1.0,0.0,300552.0,367658.8,-57106.8,0.0408,0.0,0.0,0,3.3898,16,5.625,1.0,0.0,312720.0,378952.48,-66232.48
166,N/A,0.0,0.0,0.0,0,2.7885,8,2.3333,1.0,0.0,291210.0,359103.16,-67893.16,0.0,0.0,0.0,0,2.7115,8,3.0,1.0,0.0,298863.6,368570.96,-69707.36
167,N/A,0.0196,0.0,0.0,0,3.0656,13,4.0,1.0,0.0,287460.0,382072.4,-94612.4,0.0196,0.0,0.0,0,2.8689,13,4.3333,1.0,0.0,295387.2,391993.0,-96605.8
168,N/A,0.0169,0.0,0.0,0,3.1304,14,5.75,1.0,0.0,294960.0,349240.6,-54280.6,0.0169,0.0,0.0,0,3.0145,14,5.625,1.0,0.0,304680.0,360745.8,-56065.8
169,N/A,0.0,0.0,0.0,0,3.5,18,7.375,1.0,0.0,282900.0,363291.2,-80391.2,0.0,0.0,0.0,0,3.7143,18,8.25,1.0,0.0,294799.2,377181.6,-82382.4
170,N/A,0.0139,0.0,0.0,0,3.7317,15,7.0,1.0,0.0,292359.6,355673.2,-63313.6,0.0139,0.0,0.0,0,3.6829,16,6.6,1.0,0.0,300241.2,366038.2,-65797.0
171,N/A,0.0444,0.0,0.0,0,3.4909,12,5.1111,1.0,0.0,300736.8,372129.0,-71392.2,0.0444,0.0,0.0,0,3.2909,12,5.1111,1.0,0.0,301005.6,374115.2,-73109.6
172,N/A,0.0,0.0,0.0,0,3.375,8,3.625,1.0,0.0,296580.0,359704.2,-63124.2,0.0,0.0,0.0,0,3.2321,7,3.875,1.0,0.0,305700.0,369413.8,-63713.8
173,N/A,0.0,0.0,0.0,0,3.68,16,5.0,1.0,0.0,300249.6,391738.2,-91488.6,0.0,0.0,0.0,0,3.54,16,4.8571,1.0,0.0,331180.0,423595.4,-92415.4
174,N/A,0.0,0.0,0.0,0,3.4118,12,4.5,1.0,0.0,304717.2,351313.0,-46595.8,0.0,0.0,0.0,0,3.3235,12,4.625,1.0,0.0,311880.42,359119.64,-47239.22
175,N/A,0.0,0.0,0.0,0,3.5714,11,4.6,1.0,0.0,313171.5,390727.1,-77555.6,0.0,0.0,0.0,0,3.5873,11,4.6,1.0,0.0,328207.5,404991.87,-76784.37
176,N/A,0.0,0.0,0.0,0,2.8983,8,3.5556,1.0,0.0,300073.2,386055.2,-85982.0,0.0,0.0,0.0,0,2.8814,8,3.7778,1.0,0.0,316100.4,402494.2,-86393.8
177,N/A,0.0364,0.0,0.0,0,2.8615,6,2.8333,1.0,0.0,287460.0,347656.49,-60196.49,0.0364,0.0,0.0,0,2.8769,6,2.8333,1.0,0.0,297420.0,359118.6,-61698.6
178,N/A,0.0156,0.0,0.0,0,3.5811,16,4.7778,1.0,0.0,296580.0,344820.06,-48240.06,0.0156,0.0,0.0,0,3.4865,15,5.1111,1.0,0.0,304540.0,353762.8,-49222.8
179,N/A,0.0,0.0,0.0,0,3.4938,17,4.9,1.0,0.0,306738.8,326049.2,-19310.4,0.0,0.0,0.0,0,3.4444,17,5.5,1.0,0.0,314689.98,334649.4,-19959.42
180,N/A,0.037,0.0,0.0,0,3.875,16,5.8,1.0,0.0,310714.5,363834.41,-53119.91,0.037,0.0,0.0,0,3.8594,16,5.9,1.0,0.0,317826.0,372071.4,-54245.4
181,N/A,0.0357,0.0,0.0,0,4.4462,17,7.4,1.0,0.0,318270.0,383467.2,-65197.2,0.0357,0.0,0.0,0,4.4154,18,7.8,1.0,0.0,308730.96,375166.08,-66435.12
182,N/A,0.0,0.0,0.0,0,4.1,19,4.6,1.0,0.0,301140.0,350862.86,-49722.86,0.0,0.0,0.0,0,3.7143,19,4.9,1.0,0.0,309982.8,361118.14,-51135.34
183,N/A,0.0,0.0,0.0,0,3.4386,13,5.5,1.0,0.0,300736.8,382927.06,-82190.26,0.0,0.0,0.0,0,3.1404,13,5.25,1.0,0.0,306935.6,390522.94,-83587.34
184,N/A,0.0,0.0,0.0,0,2.9429,11,4.5,1.0,0.0,299520.0,363913.66,-64393.66,0.0,0.0,0.0,0,3.0714,12,4.6,1.0,0.0,297742.8,361897.6,-64154.8
185,N/A,0.0,0.0,0.0,0,3.5789,12,4.375,1.0,0.0,296580.0,356500.6,-59920.6,0.0,0.0,0.0,0,3.6842,12,4.125,1.0,0.0,309030.0,369656.26,-60626.26
186,N/A,0.0,0.0,0.0,0,2.96,14,4.3333,0.75,0.0,305683.2,329457.54,-23774.34,0.0,0.0,0.0,0,2.9605,15,4.5556,1.0,0.0,317259.18,337897.2,-20638.02
187,N/A,0.0145,0.0,0.0,0,3.6923,20,5.3333,1.0,0.0,305700.0,343087.6,-37387.6,0.0145,0.0,0.0,0,3.7179,19,5.5556,1.0,0.0,323625.6,362805.09,-39179.49
188,N/A,0.0,0.0,0.0,0,3.973,17,5.6,1.0,0.0,327148.8,331567.84,-4419.04,0.0,0.0,0.0,0,3.7432,17,5.6,1.0,0.0,336538.8,344144.2,-7605.4
189,N/A,0.0339,0.0,0.0,0,3.0882,12,5.25,1.0,0.0,299460.0,375396.62,-75936.62,0.0339,0.0,0.0,0,3.0147,13,5.25,1.0,0.0,327034.0,403205.43,-76171.43
190,N/A,0.0,0.0,0.0,0,4.0455,22,7.6,1.0,0.0,304440.0,378219.01,-73779.01,0.0,0.0,0.0,0,4.0758,20,7.5,1.0,0.0,328147.6,403471.6,-75324.0
191,N/A,0.0,0.0,0.0,0,3.2125,16,4.4,1.0,0.0,305700.0,346562.43,-40862.43,0.0,0.0,0.0,0,2.7375,12,3.9,1.0,0.0,317700.0,360255.0,-42555.0
192,N/A,0.0152,0.0,0.0,0,3.2152,18,6.2222,1.0,0.0,296378.4,366795.8,-70417.4,0.0152,0.0,0.0,0,3.4304,18,6.0,1.0,0.0,300258.0,371038.0,-70780.0
193,N/A,0.0256,0.0,0.0,0,3.0962,12,5.4286,1.0,0.0,290400.0,381575.8,-91175.8,0.0256,0.0,0.0,0,3.0769,12,4.7143,1.0,0.0,287460.0,379672.43,-92212.43
194,N/A,0.0161,0.0,0.0,0,3.2,14,5.625,1.0,0.0,301140.0,335870.6,-34730.6,0.0161,0.0,0.0,0,3.1333,14,5.5,1.0,0.0,301140.0,336164.8,-35024.8
195,N/A,0.0,0.0,0.0,0,3.3898,14,3.875,1.0,0.0,300577.62,348470.2,-47892.58,0.0,0.0,0.0,0,3.4407,13,3.75,1.0,0.0,307291.2,355010.4,-47719.2
196,N/A,0.0,0.0,0.0,0,2.9423,10,4.0,1.0,0.0,296580.0,367284.2,-70704.2,0.0,0.0,0.0,0,2.8846,10,3.8333,1.0,0.0,290736.48,361863.89,-71127.41
197,N/A,0.0233,0.0,0.0,0,3.0536,10,5.0,1.0,0.0,290575.2,360684.0,-70108.8,0.0233,0.0,0.0,0,3.1429,10,5.0,1.0,0.0,300930.0,371406.04,-70476.04
198,N/A,0.0476,0.0,0.0,0,3.6364,19,6.7143,1.0,0.0,298120.0,384656.43,-86536.43,0.0476,0.0,0.0,0,3.6182,19,6.5714,1.0,0.0,296726.4,382596.6,-85870.2
199,N/A,0.04,0.0,0.0,0,3.0476,13,5.625,1.0,0.0,282900.0,350759.8,-67859.8,0.04,0.0,0.0,0,2.8413,13,5.875,1.0,0.0,289827.6,357316.0,-67488.4
200,N/A,0.0,0.0769,0.9677,60,5.4355,60,8.7778,1.0,0.0,296244.0,358938.08,-52694.08,0.0,0.0,0.0,0,4.3871,20,7.0,1.0,0.0,309700.0,372480.6,-62780.6
201,N/A,0.0204,0.0,0.0,0,3.8246,13,5.4,1.0,0.0,296580.0,358762.14,-62182.14,0.0204,0.0,0.0,0,3.9123,13,5.2,1.0,0.0,301140.0,366214.03,-65074.03
202,N/A,0.0222,0.0,0.0,0,2.8868,14,5.8571,1.0,0.0,287460.0,395083.34,-107623.34,0.0222,0.0,0.0,0,2.8491,14,5.8571,1.0,0.0,292020.0,402745.8,-110725.8
203,N/A,0.0,0.0,0.0,0,2.7679,8,2.7143,1.0,0.0,287460.0,365390.46,-77930.46,0.0,0.0,0.0,0,2.7321,8,2.5714,1.0,0.0,292020.0,371998.2,-79978.2
204,N/A,0.0169,0.0,0.0,0,3.0,11,3.7778,1.0,0.0,295430.0,336656.08,-41226.08,0.0169,0.0,0.0,0,3.4478,21,5.4444,1.0,0.0,313060.0,358949.4,-45889.4
205,N/A,0.0303,0.0,0.0,0,3.4865,10,4.3,1.0,0.0,296580.0,344557.4,-47977.4,0.0303,0.0,0.0,0,3.7027,10,4.4,1.0,0.0,301140.0,351841.2,-50701.2
206,N/A,0.0,0.0,0.0,0,2.7368,7,4.0,1.0,0.0,290592.0,391796.46,-101204.46,0.0,0.0,0.0,0,2.8246,9,4.2857,1.0,0.0,299232.82,402654.54,-103421.72
207,N/A,0.0,0.0,0.0,0,2.9836,10,4.1,1.0,0.0,292020.0,377555.06,-85535.06,0.0,0.0,0.0,0,2.9836,10,4.1,1.0,0.0,292020.0,377555.06,-85535.06
208,N/A,0.0,0.0,0.0,0,2.8125,10,4.0,1.0,0.0,282900.0,378151.14,-95251.14,0.0,0.0,0.0,0,2.8125,11,3.5714,1.0,0.0,292020.0,391284.32,-99264.32
209,N/A,0.0,0.0,0.0,0,3.3919,13,4.4444,1.0,0.0,299997.6,345580.08,-45582.48,0.0,0.0,0.0,0,3.3649,13,4.2222,1.0,0.0,308773.2,356102.6,-47329.4
210,N/A,0.0196,0.0,0.0,0,3.7966,11,4.6,0.5,0.0,287460.0,358193.86,-70733.86,0.0192,0.0,0.0,0,3.75,10,4.7,1.0,0.0,303901.6,376107.63,-72206.03
211,N/A,0.0317,0.0,0.0,0,3.0548,9,4.0,0.7,0.0,305700.0,330672.34,-24972.34,0.0312,0.0,0.0,0,3.2703,9,4.4444,1.0,0.0,321160.0,342317.76,-21157.76
212,N/A,0.0,0.1,0.6,42,3.6714,46,3.5,1.0,0.0,296580.0,347815.68,-41235.68,0.0,0.0,0.0,0,3.4857,20,5.0,1.0,0.0,309231.6,357509.66,-48278.06
213,N/A,0.0208,0.0,0.0,0,4.4828,12,5.4444,1.0,0.0,296580.0,372057.88,-75477.88,0.0208,0.0,0.0,0,4.4828,12,5.4444,1.0,0.0,296580.0,372057.88,-75477.88
214,N/A,0.0385,0.1,0.6774,42,3.8387,46,4.75,1.0,0.0,296580.0,354643.68,-48063.68,0.0385,0.0,0.0,0,3.2419,12,4.875,1.0,0.0,311802.8,368099.86,-56297.06
215,N/A,0.0,0.1,0.0345,2,3.9483,13,6.4444,0.7,0.0,300904.8,367874.74,-56969.94,0.0,0.0,0.0,0,3.8305,13,6.4444,1.0,0.0,300064.8,365295.26,-65230.46
216,N/A,0.0133,0.1,0.5176,44,3.4941,47,4.1,1.0,0.0,312176.1,344161.76,-21985.66,0.0133,0.0,0.0,0,2.9176,12,3.9,1.0,0.0,313384.02,347758.0,-34373.98
217,N/A,0.05,0.0,0.0,0,2.96,6,3.1667,1.0,0.0,285780.0,365177.48,-79397.48,0.05,0.0,0.0,0,2.88,6,3.5,1.0,0.0,291616.8,375694.03,-84077.23
218,N/A,0.0,0.1,0.9375,45,4.4375,48,4.0,1.0,0.0,273780.0,358383.26,-74603.26,0.0,0.0,0.0,0,3.3542,14,4.3333,1.0,0.0,289491.6,376062.63,-86571.03
219,N/A,0.0714,0.1,0.8846,46,4.5962,49,7.4444,1.0,0.0,306750.0,396076.06,-79326.06,0.0714,0.0,0.0,0,4.2885,14,7.2222,1.0,0.0,295770.0,384981.8,-89211.8
220,N/A,0.0,0.1,0.7377,45,4.7213,48,4.9,1.0,0.0,300846.0,366993.34,-56147.34,0.0,0.0,0.0,0,4.1967,20,5.2,1.0,0.0,304750.0,371085.59,-66335.59
221,N/A,0.0189,0.0,0.0,0,3.1475,10,3.75,1.0,0.0,287460.0,355135.4,-67675.4,0.0189,0.0,0.0,0,3.0328,11,4.0,1.0,0.0,295303.2,365924.74,-70621.54
222,N/A,0.04,0.125,0.3621,21,4.0172,23,5.1111,1.0,0.0,287460.0,383027.46,-85567.46,0.04,0.0,0.0,0,3.6724,12,5.4444,1.0,0.0,296512.8,390846.8,-94334.0
223,N/A,0.0408,0.0,0.0,0,3.9474,15,5.5556,1.0,0.0,295664.4,373247.26,-77582.86,0.0408,0.0,0.0,0,3.7544,12,5.8889,1.0,0.0,304893.6,384079.6,-79186.0
224,N/A,0.0204,0.0,0.0,0,4.2281,17,7.25,1.0,0.0,294900.0,359181.34,-64281.34,0.0204,0.0,0.0,0,4.0526,17,7.375,1.0,0.0,300938.4,367885.2,-66946.8
225,N/A,0.0,0.0,0.0,0,3.1143,10,5.0,1.0,0.0,308610.0,367177.54,-58567.54,0.0,0.0,0.0,0,3.0,10,4.9,1.0,0.0,314332.38,376138.2,-61805.82
226,N/A,0.0357,0.0,0.0,0,3.3438,14,4.2,1.0,0.0,295504.8,368654.46,-73149.66,0.0357,0.0,0.0,0,3.5469,15,5.4,1.0,0.0,301140.0,376897.0,-75757.0
227,N/A,0.0,0.0,0.0,0,3.42,10,4.7143,1.0,0.0,291952.8,365534.74,-73581.94,0.0,0.0,0.0,0,3.6,11,4.7143,1.0,0.0,296580.0,371751.0,-75171.0
228,N/A,0.027,0.0,0.0,0,3.1585,13,4.8,1.0,0.0,301140.0,342562.8,-41422.8,0.027,0.0,0.0,0,3.0976,13,5.1,1.0,0.0,310092.0,353071.34,-42979.34
229,N/A,0.0345,0.0,0.0,0,3.4394,13,5.2222,1.0,0.0,290978.4,375273.66,-84295.26,0.0345,0.0,0.0,0,3.6364,13,4.7778,1.0,0.0,299182.8,384777.8,-85595.0
230,N/A,0.0364,0.0,0.0,0,3.0476,8,4.375,1.0,0.0,299964.0,363579.86,-63615.86,0.0364,0.0,0.0,0,3.2381,8,4.0,1.0,0.0,301077.0,365285.2,-64208.2
231,N/A,0.0,0.1538,1.1525,46,5.4746,49,7.4444,0.9231,0.0,287460.0,357411.7,-49951.7,0.0,0.0,0.0,0,5.15,16,7.5556,1.0,0.0,306437.2,373286.2,-66849.0
232,N/A,0.05,0.0,0.0,0,3.3585,15,5.8571,0.7692,0.0,282900.0,357555.34,-74655.34,0.0488,0.0,0.0,0,3.4259,15,5.7143,1.0,0.0,295824.0,371698.5,-75874.5
233,N/A,0.0,0.0,0.0,0,3.7031,18,8.0,1.0,0.0,290306.4,367048.69,-76742.29,0.0,0.0,0.0,0,4.0625,18,8.0,1.0,0.0,304695.6,382957.4,-78261.8
234,N/A,0.0323,0.0,0.0,0,3.08,12,5.375,1.0,0.0,299871.36,361311.74,-61440.38,0.0323,0.0,0.0,0,3.08,12,5.375,1.0,0.0,307362.0,370769.8,-63407.8
235,N/A,0.0492,0.0769,0.3243,24,3.7703,27,4.9,1.0,0.0,305498.4,366099.26,-50600.86,0.0492,0.0,0.0,0,3.4459,18,5.6,1.0,0.0,311846.4,373988.68,-62142.28
236,N/A,0.0244,0.0,0.0,0,3.4259,19,6.7143,1.0,0.0,287460.0,370429.8,-82969.8,0.0244,0.0,0.0,0,3.5185,19,6.2857,1.0,0.0,301029.12,387309.5,-86280.38
237,N/A,0.0182,0.0769,0.3529,24,3.2647,27,3.875,0.8462,0.0,287460.0,371724.4,-74264.4,0.0179,0.0,0.0,0,2.7681,8,3.625,1.0,0.0,301140.0,385680.6,-84540.6
238,N/A,0.0566,0.0769,0.3182,21,3.8636,24,5.8,0.9231,0.0,301140.0,354257.26,-43117.26,0.0556,0.0,0.0,0,3.3284,15,5.9,1.0,0.0,327871.6,379219.66,-51348.06
239,N/A,0.0159,0.1538,1.0789,41,4.2237,44,5.0,1.0,0.0,304080.0,353374.34,-29294.34,0.0159,0.0,0.0,0,2.9868,10,4.2,1.0,0.0,318024.0,368118.4,-50094.4
240,N/A,0.0208,0.0769,0.3934,24,3.8852,27,5.0,1.0,0.0,287460.0,361081.34,-63621.34,0.0208,0.0,0.0,0,3.1639,11,5.5,1.0,0.0,298208.4,373550.2,-75341.8
241,N/A,0.098,0.0,0.0,0,4.1333,13,7.1,1.0,0.0,300249.6,368686.4,-68436.8,0.098,0.0,0.0,0,3.95,14,6.9,1.0,0.0,300392.4,369490.0,-69097.6
242,N/A,0.0217,0.0,0.0,0,3.6182,13,5.1429,1.0,0.0,300031.2,352328.6,-52297.4,0.0217,0.0,0.0,0,3.7091,13,4.5714,1.0,0.0,299922.0,351525.6,-51603.6
243,N/A,0.0484,0.0,0.0,0,2.7465,8,3.8889,1.0,0.0,301140.0,336963.6,-35823.6,0.0484,0.0,0.0,0,2.8873,9,4.2222,1.0,0.0,305700.0,342960.05,-37260.05
244,N/A,0.0189,0.1111,0.4355,27,3.7742,31,4.625,1.0,0.0,300094.8,387744.0,-77649.2,0.0189,0.0,0.0,0,3.3871,10,4.125,1.0,0.0,301140.0,387058.09,-85918.09
245,N/A,0.0,0.0,0.0,0,3.4478,12,4.6667,1.0,0.0,295770.0,375307.6,-79537.6,0.0,0.0,0.0,0,3.209,12,4.7778,1.0,0.0,305137.2,385845.0,-80707.8
246,N/A,0.0256,0.0,0.0,0,3.4167,11,5.0,1.0,0.0,294862.8,388760.2,-93897.4,0.0256,0.0,0.0,0,3.2292,11,5.1429,1.0,0.0,291986.4,387484.8,-95498.4
247,N/A,0.0299,0.0,0.0,0,3.4079,10,4.8889,1.0,0.0,317523.6,335773.76,-18250.16,0.0299,0.0,0.0,0,3.3816,10,4.6667,1.0,0.0,318279.6,336821.48,-18541.88
248,N/A,0.0,0.0,0.0,0,3.0,12,5.0,1.0,0.0,342733.2,405558.6,-62825.4,0.0,0.0,0.0,0,2.9394,11,4.5,1.0,0.0,320778.0,385171.0,-64393.0
249,N/A,0.029,0.0,0.0,0,3.1538,13,4.4,1.0,0.0,305700.0,364179.8,-58479.8,0.029,0.0,0.0,0,3.0897,13,4.3,1.0,0.0,318867.6,378823.28,-59955.68
250,N/A,0.0145,0.0,0.0,0,3.3333,13,4.8,1.0,0.0,304078.8,319950.32,-15871.52,0.0145,0.0,0.0,0,3.4744,12,4.8,1.0,0.0,313800.0,331985.8,-18185.8
251,N/A,0.0385,0.0,0.0,0,3.5846,14,7.125,1.0,0.0,296580.0,335030.2,-38450.2,0.0385,0.0,0.0,0,3.5846,14,7.125,1.0,0.0,296580.0,335030.2,-38450.2
252,N/A,0.0,0.0,0.0,0,3.0727,10,4.6667,1.0,0.0,285948.0,356840.06,-70892.06,0.0,0.0,0.0,0,3.1273,11,4.8333,1.0,0.0,300854.4,376985.14,-76130.74
253,N/A,0.0,0.0,0.0,0,2.8269,10,4.1667,1.0,0.0,286452.0,360090.84,-73638.84,0.0,0.0,0.0,0,2.7692,9,4.0,1.0,0.0,298263.6,372237.79,-73974.19
254,N/A,0.0,0.0,0.0,0,3.1429,18,6.0,1.0,0.0,299006.4,392633.27,-93626.87,0.0,0.0,0.0,0,3.1224,17,5.8571,1.0,0.0,308391.6,405225.4,-96833.8
255,N/A,0.0263,0.0,0.0,0,2.9804,12,4.0,1.0,0.0,300636.0,380695.4,-80059.4,0.0263,0.0,0.0,0,3.0784,12,5.0,1.0,0.0,308798.4,391342.66,-82544.26
256,N/A,0.0196,0.0,0.0,0,2.5156,5,2.3333,1.0,0.0,296521.2,354471.26,-57950.06,0.0196,0.0,0.0,0,2.7656,5,2.6667,1.0,0.0,312472.0,373411.6,-60939.6
257,N/A,0.0185,0.0,0.0,0,3.4328,16,6.75,1.0,0.0,301140.0,367355.23,-66215.23,0.0185,0.0,0.0,0,3.7164,17,7.375,1.0,0.0,313833.6,384871.26,-71037.66
258,N/A,0.0244,0.0,0.0,0,4.2222,13,7.1429,1.0,0.0,292203.6,370917.2,-78713.6,0.0244,0.0,0.0,0,4.3148,13,7.1429,1.0,0.0,310141.24,392305.46,-82164.22
259,N/A,0.0145,0.1538,0.8659,44,4.2317,47,4.6667,1.0,0.0,309450.0,316327.83,13122.17,0.0145,0.0,0.0,0,3.0732,11,4.5556,1.0,0.0,332148.12,345306.4,-13158.28
260,N/A,0.0156,0.0769,0.5714,44,3.6623,47,4.1,1.0,0.0,313929.6,330465.79,-6536.19,0.0156,0.0,0.0,0,3.3377,13,4.3,1.0,0.0,336550.8,359181.79,-22630.99
261,N/A,0.0208,0.0909,0.4915,29,3.4576,33,5.375,1.0,0.0,295958.4,372118.54,-66160.14,0.0208,0.0,0.0,0,2.8644,11,5.375,1.0,0.0,295521.6,371701.14,-76179.54
262,N/A,0.0,0.0,0.0,0,3.0877,8,3.1667,1.0,0.0,313710.0,384168.6,-70458.6,0.0,0.0,0.0,0,2.9825,8,3.0,1.0,0.0,291810.0,364174.26,-72364.26
263,N/A,0.0182,0.0,0.0,0,3.0455,14,4.625,1.0,0.0,292796.4,332404.2,-39607.8,0.0182,0.0,0.0,0,3.1212,14,4.625,1.0,0.0,301140.0,342100.2,-40960.2
264,N/A,0.0,0.0909,0.4308,28,3.9846,32,6.125,1.0,0.0,301140.0,367492.45,-56352.45,0.0,0.0,0.0,0,4.5385,18,7.125,1.0,0.0,301140.0,365018.46,-63878.46
265,N/A,0.0351,0.0,0.0,0,2.9412,11,4.3333,1.0,0.0,307020.0,381690.34,-74670.34,0.0351,0.0,0.0,0,3.2206,16,5.1111,1.0,0.0,295740.0,370296.74,-74556.74
266,N/A,0.0,0.0,0.0,0,3.0758,10,4.1111,1.0,0.0,292020.0,353168.22,-61148.22,0.0,0.0,0.0,0,3.1667,10,4.1111,1.0,0.0,298451.2,360904.8,-62453.6
267,N/A,0.037,0.0909,0.4308,28,3.9385,32,5.9,1.0,0.0,296025.6,357045.05,-51019.45,0.037,0.0,0.0,0,3.8615,20,6.3,1.0,0.0,301140.0,361541.2,-60401.2
268,N/A,0.0189,0.0909,0.4688,30,4.0938,34,4.75,1.0,0.0,315819.6,351147.86,-25328.26,0.0189,0.0,0.0,0,3.9531,13,4.25,1.0,0.0,301140.0,336458.2,-35318.2
269,N/A,0.0,0.0,0.0,0,3.6765,19,5.8,1.0,0.0,304890.0,355803.6,-50913.6,0.0,0.0,0.0,0,3.7059,18,6.1,1.0,0.0,319245.6,372547.82,-53302.22
270,N/A,0.025,0.0,0.0,0,2.8431,11,4.3333,1.0,0.0,286788.0,390623.2,-103835.2,0.025,0.0,0.0,0,2.8039,11,4.3333,1.0,0.0,290046.0,394223.2,-104177.2
271,N/A,0.0238,0.0,0.0,0,3.2308,13,5.7143,1.0,0.0,289838.1,374839.02,-85000.92,0.0238,0.0,0.0,0,3.0769,13,5.2857,1.0,0.0,298838.4,385345.4,-86507.0
272,N/A,0.027,0.0,0.0,0,3.1702,10,3.8333,1.0,0.0,286956.0,387469.46,-100513.46,0.027,0.0,0.0,0,3.1064,10,4.0,1.0,0.0,306018.0,406681.4,-100663.4
273,N/A,0.0222,0.0,0.0,0,3.4182,12,3.3333,1.0,0.0,301014.0,376251.23,-75237.23,0.0222,0.0,0.0,0,3.4545,12,3.3333,1.0,0.0,305125.86,382961.88,-77836.02
274,N/A,0.0189,0.0,0.0,0,3.3492,11,4.5,1.0,0.0,305683.2,384602.4,-78919.2,0.0189,0.0,0.0,0,3.3651,11,4.0,1.0,0.0,311560.0,389365.8,-77805.8
275,N/A,0.0,0.0,0.0,0,3.9057,11,4.375,1.0,0.0,292020.0,379601.0,-87581.0,0.0,0.0,0.0,0,3.8113,13,5.0,1.0,0.0,305322.0,395800.6,-90478.6
276,N/A,0.0392,0.0,0.0,0,3.377,16,6.375,1.0,0.0,288270.0,380654.0,-92384.0,0.0392,0.0,0.0,0,3.4426,16,6.75,1.0,0.0,301140.0,397572.96,-96432.96
277,N/A,0.06,0.0,0.0,0,3.1333,11,4.6667,1.0,0.0,300132.0,370270.6,-70138.6,0.06,0.0,0.0,0,2.9,11,4.8889,1.0,0.0,308201.2,379512.88,-71311.68
278,N/A,0.0455,0.0,0.0,0,3.4259,15,6.5,1.0,0.0,295311.6,367446.86,-72135.26,0.0455,0.0,0.0,0,3.5556,16,7.0,1.0,0.0,303272.4,375664.96,-72392.56
279,N/A,0.0,0.0,0.0,0,4.0377,13,5.2222,1.0,0.0,296546.4,382900.06,-86353.66,0.0,0.0,0.0,0,3.8491,11,5.2222,1.0,0.0,304280.4,391571.2,-87290.8
280,N/A,0.0,0.0,0.0,0,2.8,9,3.5,1.0,0.0,298317.6,371124.86,-72807.26,0.0,0.0,0.0,0,2.9455,10,3.25,1.0,0.0,309483.0,384616.6,-75133.6
281,N/A,0.0,0.0,0.0,0,2.8923,11,4.6667,0.8235,0.0,292020.0,364285.86,-72265.86,0.0,0.0,0.0,0,3.2121,14,4.7778,1.0,0.0,317020.0,386861.43,-69841.43
282,N/A,0.025,0.1111,0.8776,43,4.0612,46,4.0,1.0,0.0,286216.8,370424.28,-74207.48,0.025,0.0,0.0,0,3.6327,15,4.6667,1.0,0.0,301140.0,388893.84,-87753.84
283,N/A,0.0,0.0,0.0,0,3.3966,10,5.0,1.0,0.0,287460.0,342399.68,-54939.68,0.0,0.0,0.0,0,3.3793,10,5.4286,1.0,0.0,296580.0,355654.99,-59074.99
284,N/A,0.0,0.1111,0.7963,43,4.3333,46,4.625,1.0,0.0,276560.0,332660.54,-46100.54,0.0,0.0,0.0,0,3.6111,20,4.625,1.0,0.0,299154.0,355900.66,-56746.66
285,N/A,0.0,0.1111,0.2113,15,3.7183,18,4.8889,0.8235,0.0,308856.0,340679.44,-21823.44,0.0,0.0,0.0,0,3.7639,15,5.0,1.0,0.0,312390.0,344479.8,-32089.8
286,N/A,0.0,0.1111,0.7627,45,4.1695,48,5.1111,1.0,0.0,305148.96,377322.04,-62173.08,0.0,0.0,0.0,0,3.8136,16,4.8889,1.0,0.0,313909.2,387252.46,-73343.26
287,N/A,0.0,0.0,0.0,0,2.8413,10,4.4286,1.0,0.0,295975.2,378718.68,-82743.48,0.0,0.0,0.0,0,2.9683,10,3.8571,1.0,0.0,296580.0,383253.8,-86673.8
288,N/A,0.0,0.1111,0.6769,44,3.9538,47,4.3333,0.8824,0.0,300333.6,344479.88,-34146.28,0.0,0.0,0.0,0,3.4242,10,4.6667,1.0,0.0,324292.0,368130.73,-43838.73
289,N/A,0.0465,0.1111,0.8654,45,3.9038,48,3.6667,0.8824,0.0,291448.8,352363.08,-50914.28,0.0455,0.0,0.0,0,3.0755,8,3.6667,1.0,0.0,304316.0,362181.46,-57865.46
290,N/A,0.0213,0.0,0.0,0,3.375,15,5.875,1.0,0.0,287460.0,373092.06,-85632.06,0.0213,0.0,0.0,0,4.0714,19,8.375,1.0,0.0,299871.6,387963.8,-88092.2
291,N/A,0.0227,0.0,0.0,0,3.3725,10,4.6667,1.0,0.0,301089.6,376508.4,-75418.8,0.0227,0.0,0.0,0,3.0,10,4.8333,1.0,0.0,303170.0,378561.4,-75391.4
292,N/A,0.0233,0.0,0.0,0,2.98,11,4.8333,1.0,0.0,296529.6,362033.6,-65504.0,0.0233,0.0,0.0,0,3.0,11,4.1667,1.0,0.0,301140.0,366206.06,-65066.06
293,N/A,0.0227,0.0,0.0,0,3.549,13,6.7143,1.0,0.0,299841.36,353068.3,-53226.94,0.0227,0.0,0.0,0,3.9608,16,7.0,1.0,0.0,308144.4,361810.8,-53666.4
294,N/A,0.0,0.0,0.0,0,4.1373,16,6.4286,1.0,0.0,296580.0,360541.66,-63961.66,0.0,0.0,0.0,0,4.3529,16,6.5714,1.0,0.0,322760.0,386266.6,-63506.6
295,N/A,0.0556,0.0,0.0,0,3.8852,16,6.4,1.0,0.0,296294.4,356749.0,-60454.6,0.0556,0.0,0.0,0,4.082,16,6.6,1.0,0.0,300165.6,361502.8,-61337.2
296,N/A,0.0,0.0,0.0,0,3.8393,16,4.5556,1.0,0.0,292020.0,355335.6,-63315.6,0.0,0.0,0.0,0,3.9821,18,5.8889,1.0,0.0,307830.0,371941.6,-64111.6
297,N/A,0.0,0.0,0.0,0,4.125,18,7.0,1.0,0.0,287157.6,383405.43,-96247.83,0.0,0.0,0.0,0,4.0833,18,7.3,1.0,0.0,295770.0,391847.06,-96077.06
298,N/A,0.0,0.0,0.0,0,4.04,22,7.8571,1.0,0.0,296580.0,352442.54,-55862.54,0.0,0.0,0.0,0,4.06,22,7.7143,1.0,0.0,304890.0,360397.6,-55507.6
299,N/A,0.0,0.0,0.0,0,4.0175,12,4.6667,1.0,0.0,308472.0,351166.86,-42694.86,0.0,0.0,0.0,0,4.0702,12,4.2222,1.0,0.0,312444.0,356133.36,-43689.36
300,N/A,0.0,0.2857,0.8136,25,3.9661,25,4.25,1.0,0.0,291230.4,355283.26,-44052.86,0.0,0.0,0.0,0,3.0508,11,4.625,1.0,0.0,299070.0,362442.06,-63372.06
301,N/A,0.0,0.0,0.0,0,4.1579,17,7.3,1.0,0.0,305700.0,349301.06,-43601.06,0.0,0.0,0.0,0,3.7368,17,7.1,1.0,0.0,317579.04,362817.66,-45238.62
302,N/A,0.0,0.0,0.0,0,2.92,10,3.4286,1.0,0.0,282900.0,363193.74,-80293.74,0.0,0.0,0.0,0,2.7,10,3.7143,1.0,0.0,286228.56,367380.42,-81151.86
303,N/A,0.0,0.1,0.6538,51,4.141,51,4.4,1.0,0.0,305700.0,355559.6,-39859.6,0.0,0.0,0.0,0,3.4744,15,4.4,1.0,0.0,308349.6,357040.46,-48690.86
304,N/A,0.0541,0.0,0.0,0,2.7234,9,4.0,1.0,0.0,286200.0,372113.4,-85913.4,0.0541,0.0,0.0,0,2.7234,9,4.1667,1.0,0.0,285439.2,370226.6,-84787.4
305,N/A,0.0213,0.0,0.0,0,2.9825,22,6.4286,1.0,0.0,295899.18,366684.06,-70784.88,0.0213,0.0,0.0,0,2.9825,22,6.4286,1.0,0.0,295899.18,366684.06,-70784.88
306,N/A,0.0303,0.0,0.0,0,3.0,9,3.6667,1.0,0.0,305700.0,360384.2,-54684.2,0.0303,0.0,0.0,0,2.9605,7,3.6667,1.0,0.0,309030.0,364018.4,-54988.4
307,N/A,0.0233,0.0,0.0,0,3.6981,14,6.6667,1.0,0.0,311310.0,419461.2,-108151.2,0.0233,0.0,0.0,0,3.7736,14,6.4444,1.0,0.0,298410.0,407416.0,-109006.0
308,N/A,0.0182,0.0,0.0,0,3.1846,9,4.125,1.0,0.0,287460.0,376416.0,-88956.0,0.0182,0.0,0.0,0,3.0,9,4.0,1.0,0.0,291894.48,378433.38,-86538.9
309,N/A,0.0,0.0,0.0,0,3.7593,17,5.5714,1.0,0.0,311919.6,385626.0,-73706.4,0.0,0.0,0.0,0,3.7963,17,5.8571,1.0,0.0,303591.6,378129.94,-74538.34
310,N/A,0.0244,0.0,0.0,0,4.1961,14,5.0,1.0,0.0,297390.0,375436.4,-78046.4,0.0244,0.0,0.0,0,4.0784,14,5.7778,1.0,0.0,305397.6,383593.34,-78195.74
311,N/A,0.0217,0.0,0.0,0,3.0179,10,4.875,1.0,0.0,303986.4,397593.26,-93606.86,0.0217,0.0,0.0,0,2.9286,10,4.875,1.0,0.0,300634.0,393373.84,-92739.84
312,N/A,0.0,0.0,0.0,0,3.3385,12,4.0,1.0,0.0,290709.6,329127.4,-38417.8,0.0,0.0,0.0,0,3.4769,13,3.5556,1.0,0.0,295770.0,335037.36,-39267.36
313,N/A,0.0,0.0,0.0,0,3.381,11,4.625,1.0,0.0,305296.8,370589.66,-65292.86,0.0,0.0,0.0,0,3.1746,11,4.375,1.0,0.0,307999.18,375715.8,-67716.62
314,N/A,0.0526,0.0,0.0,0,3.6418,16,7.0,1.0,0.0,299779.2,364706.86,-64927.66,0.0526,0.0,0.0,0,3.4179,15,6.1111,1.0,0.0,310243.2,380005.24,-69762.04
315,N/A,0.0179,0.0,0.0,0,3.1364,15,5.25,1.0,0.0,316767.6,372274.74,-55507.14,0.0179,0.0,0.0,0,3.2424,15,5.875,1.0,0.0,310050.0,369622.54,-59572.54
316,N/A,0.0213,0.0,0.0,0,2.9123,13,3.8571,1.0,0.0,295756.8,378226.26,-82469.46,0.0213,0.0,0.0,0,3.0,13,4.0,1.0,0.0,292460.4,375876.43,-83416.03
317,N/A,0.0392,0.0,0.0,0,3.4918,19,5.7143,1.0,0.0,300313.2,361724.42,-61411.22,0.0392,0.0,0.0,0,3.3607,19,5.7143,1.0,0.0,304754.4,366508.03,-61753.63
318,N/A,0.0,0.1,0.6364,49,4.2727,51,4.8,1.0,0.0,288270.0,331047.68,-32777.68,0.0,0.0,0.0,0,3.4416,12,4.8,1.0,0.0,304179.6,346971.34,-42791.74
319,N/A,0.0227,0.0,0.0,0,3.3148,13,4.625,1.0,0.0,295093.2,374229.14,-79135.94,0.0227,0.0,0.0,0,3.1852,15,4.875,1.0,0.0,310000.4,390131.03,-80130.63
320,N/A,0.0444,0.0,0.0,0,3.3818,16,5.5,1.0,0.0,296580.0,385876.26,-89296.26,0.0444,0.0,0.0,0,3.9273,21,7.5,1.0,0.0,299770.7,390072.83,-90302.13
321,N/A,0.0161,0.0,0.0,0,3.3571,12,5.5,1.0,0.0,313466.4,366126.02,-52659.62,0.0161,0.0,0.0,0,3.4429,12,5.3,1.0,0.0,310260.0,365506.4,-55246.4
322,N/A,0.0294,0.25,0.5526,22,3.5789,24,3.7,1.0,0.0,301140.0,331270.4,-10130.4,0.0294,0.0,0.0,0,3.0921,10,4.2,1.0,0.0,304890.0,332781.2,-27891.2
323,N/A,0.0,0.0,0.0,0,4.1064,22,5.4286,1.0,0.0,282900.0,363229.8,-80329.8,0.0,0.0,0.0,0,4.0851,22,5.5714,1.0,0.0,289878.0,369752.97,-79874.97
324,N/A,0.037,0.0,0.0,0,2.9677,13,5.7778,1.0,0.0,300849.36,363509.32,-62659.96,0.037,0.0,0.0,0,3.1613,13,6.0,1.0,0.0,304230.0,365346.0,-61116.0
325,N/A,0.0,0.0,0.0,0,3.0147,14,5.2,1.0,0.0,289722.78,365581.0,-75858.22,0.0,0.0,0.0,0,3.2941,14,4.9,1.0,0.0,299203.8,377017.0,-77813.2
326,N/A,0.0,0.0,0.0,0,2.8462,8,3.4,1.0,0.0,308358.0,335719.84,-27361.84,0.0,0.0,0.0,0,3.1282,9,4.1,1.0,0.0,310260.0,338630.2,-28370.2
327,N/A,0.0,0.0,0.0,0,3.493,12,5.2,1.0,0.0,300636.0,350237.63,-49601.63,0.0,0.0,0.0,0,3.4648,12,5.0,1.0,0.0,305700.0,355659.2,-49959.2
328,N/A,0.0,0.0,0.0,0,3.3043,11,4.8333,1.0,0.0,295501.2,373694.83,-78193.63,0.0,0.0,0.0,0,3.3043,11,4.8333,1.0,0.0,295501.2,373694.83,-78193.63
329,N/A,0.05,0.0,0.0,0,3.125,15,6.1667,1.0,0.0,292170.0,406212.96,-114042.96,0.05,0.0,0.0,0,2.9167,15,6.1667,1.0,0.0,298821.6,414097.4,-115275.8
330,N/A,0.0,0.0,0.0,0,4.1538,17,5.0,1.0,0.0,301140.0,354781.2,-53641.2,0.0,0.0,0.0,0,4.2692,22,5.1667,1.0,0.0,301140.0,354783.2,-53643.2
331,N/A,0.0169,0.1,0.3768,26,4.7101,30,7.3,1.0,0.0,305700.0,369620.2,-53920.2,0.0169,0.0,0.0,0,4.1449,18,7.5,1.0,0.0,305490.0,366846.4,-61356.4
332,N/A,0.0233,0.0,0.0,0,2.7547,6,2.5714,1.0,0.0,313021.2,388978.73,-75957.53,0.0233,0.0,0.0,0,2.717,6,2.7143,1.0,0.0,292020.0,369610.2,-77590.2
333,N/A,0.0392,0.0,0.0,0,3.6066,19,7.4444,1.0,0.0,296580.0,378431.0,-81851.0,0.0392,0.0,0.0,0,3.8033,21,7.5556,1.0,0.0,331140.0,413170.06,-82030.06
334,N/A,0.0152,0.1,0.3289,25,4.2368,29,7.5556,1.0,0.0,317271.6,345216.76,-17945.16,0.0152,0.0,0.0,0,4.0921,22,7.4444,1.0,0.0,320253.6,348171.0,-27917.4
335,N/A,0.0444,0.0,0.0,0,3.4909,12,4.75,1.0,0.0,287460.0,375274.6,-87814.6,0.0444,0.0,0.0,0,3.6182,14,4.875,1.0,0.0,299099.22,387215.8,-88116.58
336,N/A,0.0,0.0,0.0,0,3.5106,10,4.625,1.0,0.0,282900.0,385858.8,-102958.8,0.0,0.0,0.0,0,3.617,10,4.625,1.0,0.0,299980.0,405064.6,-105084.6
337,N/A,0.04,0.0,0.0,0,3.65,14,5.7,1.0,0.0,286502.82,381463.62,-94960.8,0.04,0.0,0.0,0,4.0167,15,6.0,1.0,0.0,302861.4,400889.29,-98027.89
338,N/A,0.0,0.0,0.0,0,3.0317,9,3.8,1.0,0.0,290004.0,361120.6,-71116.6,0.0,0.0,0.0,0,2.9841,9,3.1,1.0,0.0,298400.8,369957.0,-71556.2
339,N/A,0.04,0.0,0.0,0,4.0,19,6.2222,1.0,0.0,295740.0,372471.2,-76731.2,0.04,0.0,0.0,0,3.9667,19,6.0,1.0,0.0,307385.6,384563.6,-77178.0
340,N/A,0.0,0.0,0.0,0,3.0545,15,4.5714,1.0,0.0,293505.6,353310.7,-59805.1,0.0,0.0,0.0,0,2.8,15,4.2857,1.0,0.0,299787.6,360094.34,-60306.74
341,N/A,0.0,0.0,0.0,0,2.8958,8,3.6667,1.0,0.0,282900.0,375525.2,-92625.2,0.0,0.0,0.0,0,2.7292,8,3.5,1.0,0.0,295202.4,388139.6,-92937.2
342,N/A,0.0,0.0,0.0,0,3.2667,14,3.7143,1.0,0.0,302460.0,390349.0,-87889.0,0.0,0.0,0.0,0,3.2444,14,3.5714,1.0,0.0,297889.2,384600.18,-86710.98
343,N/A,0.0,0.0,0.0,0,4.3462,17,7.75,1.0,0.0,330272.0,411759.2,-81487.2,0.0,0.0,0.0,0,4.2115,17,8.0,1.0,0.0,315457.2,396741.0,-81283.8
344,N/A,0.0256,0.0,0.0,0,3.625,12,3.875,1.0,0.0,311650.8,379656.2,-68005.4,0.0256,0.0,0.0,0,3.6458,14,3.875,1.0,0.0,303966.0,371655.6,-67689.6
345,N/A,0.0351,0.0,0.0,0,3.4545,12,5.5,1.0,0.0,298552.8,367663.43,-69110.63,0.0351,0.0,0.0,0,3.4242,11,5.3,1.0,0.0,309184.8,379744.8,-70560.0
346,N/A,0.0,0.1111,0.5909,26,5.0682,30,6.3333,0.8,0.0,291448.8,355342.2,-53893.4,0.0,0.0,0.0,0,3.9111,20,6.1667,1.0,0.0,291834.0,353409.03,-61575.03
347,N/A,0.0,0.0,0.0,0,3.434,14,5.75,1.0,0.0,290566.8,370029.6,-79462.8,0.0,0.0,0.0,0,3.7925,14,5.75,1.0,0.0,301994.8,382977.6,-80982.8
348,N/A,0.0204,0.0,0.0,0,3.8793,14,5.5556,1.0,0.0,290340.0,363018.83,-72678.83,0.0204,0.0,0.0,0,3.7759,14,5.1111,1.0,0.0,306650.0,379705.99,-73055.99
349,N/A,0.0238,0.0,0.0,0,2.7059,11,4.6667,1.0,0.0,292020.0,375706.0,-83686.0,0.0238,0.0,0.0,0,2.8431,11,4.8333,1.0,0.0,291918.0,374403.23,-82485.23
350,N/A,0.0,0.0,0.0,0,3.4444,9,4.1429,1.0,0.0,285948.0,374498.6,-88550.6,0.0,0.0,0.0,0,3.2667,10,3.8571,1.0,0.0,288063.6,376365.4,-88301.8
351,N/A,0.0492,0.0,0.0,0,3.9143,17,6.1111,1.0,0.0,315525.6,370154.42,-54628.82,0.0492,0.0,0.0,0,3.7571,17,6.6667,1.0,0.0,322942.44,378221.48,-55279.04
352,N/A,0.0222,0.0,0.0,0,2.7593,9,2.5,1.0,0.0,295740.0,363751.26,-68011.26,0.0222,0.0,0.0,0,2.7407,9,2.5,1.0,0.0,304062.0,372809.43,-68747.43
353,N/A,0.0,0.0,0.0,0,2.6909,10,4.5,1.0,0.0,300300.0,369986.86,-69686.86,0.0,0.0,0.0,0,2.8545,10,4.6667,1.0,0.0,303462.0,373775.87,-70313.87
354,N/A,0.0,0.0,0.0,0,3.2113,10,4.0,1.0,0.0,326580.0,352972.4,-26392.4,0.0,0.0,0.0,0,3.169,9,4.4444,1.0,0.0,318683.7,350256.84,-31573.14
355,N/A,0.0217,0.0,0.0,0,3.5273,22,7.8571,1.0,0.0,300249.6,365875.74,-65626.14,0.0217,0.0,0.0,0,3.4182,23,8.2857,1.0,0.0,303604.8,369171.66,-65566.86
356,N/A,0.0278,0.0,0.0,0,3.1852,10,4.6667,0.7692,0.0,339401.22,354729.71,-15328.49,0.0274,0.0,0.0,0,3.3902,11,5.6667,1.0,0.0,334901.22,350543.68,-15642.46
357,N/A,0.0167,0.0,0.0,0,3.5072,14,6.0,1.0,0.0,309183.6,373634.34,-64450.74,0.0167,0.0,0.0,0,3.8841,14,5.5,1.0,0.0,308371.2,375188.26,-66817.06
358,N/A,0.0222,0.0,0.0,0,2.963,13,4.1667,0.7692,0.0,294960.0,388477.6,-93517.6,0.0217,0.0,0.0,0,2.8727,13,4.1667,1.0,0.0,302630.4,394653.46,-92023.06
359,N/A,0.0,0.1111,0.6769,44,3.7385,48,5.8571,1.0,0.0,282900.0,370279.48,-77379.48,0.0,0.0,0.0,0,2.8615,21,6.0,1.0,0.0,299918.4,388670.4,-88752.0
360,N/A,0.0435,0.0,0.0,0,3.2909,13,5.0,1.0,0.0,328142.4,391423.46,-63281.06,0.0435,0.0,0.0,0,3.1818,13,4.8571,1.0,0.0,298460.4,363585.6,-65125.2
361,N/A,0.0,0.0,0.0,0,3.2222,12,6.4,1.0,0.0,298670.4,365640.2,-66969.8,0.0,0.0,0.0,0,3.3611,12,6.3,1.0,0.0,308160.0,377729.94,-69569.94
362,N/A,0.0,0.0,0.0,0,3.9375,15,4.7778,1.0,0.0,301140.0,351302.34,-50162.34,0.0,0.0,0.0,0,3.7031,15,4.7778,1.0,0.0,310100.4,363857.2,-53756.8
363,N/A,0.0377,0.0,0.0,0,3.0923,13,7.125,1.0,0.0,301017.36,349016.78,-47999.42,0.0377,0.0,0.0,0,3.2308,15,7.375,1.0,0.0,312610.0,363239.4,-50629.4
